Metric,Random Forest,Decision Tree
Inner best_score (Biased),0.4959968004926889,0.4708936579020496
Outer nested score (Honest),0.4986426873389336,0.4707058278588641
Selection Bias Gap,-0.0026458868462446716,0.00018783004318551066
